avg degree: 8.97, wc cost, ed cost, bf cost, wc time, ed time, bf time
avg degree: 8.97, wc cost, ed cost, bf cost, wc time, ed time, bf time
AustraliaIceDancing.query,103250869,85085045,90790307,890.324314,1012.961499,739.422283,240220,1324632,554536,240220,1322208
CaesarsPalace-LasVegas.query,32720763,102429475,22033730,324.342798,1017.594594,220.635313,40760,462920,554536,40760,462848
1973Ufo-sightingsInFairlessHillsPa.query,8304686,4211527,8099712,76.422731,40.370119,75.194109,73920,139351,554536,73920,139348
