avg degree: 8.97, wc cost, ed cost, bf cost, wc time, ed time, bf time
avg degree: 8.97, wc cost, ed cost, bf cost, wc time, ed time, bf time
AustraliaIceDancing.query,6033676,9374224,5236319,70.659363,102.711489,59.537559,20592,111697,30701,20592,111017
CaesarsPalace-LasVegas.query,1052086,15628155,266978,25.171988,152.90603,19.16672,31866,34208,30701,31866,34184
1973Ufo-sightingsInFairlessHillsPa.query,294570,3422106,253197,9.095231,33.028202,9.434595,1008,6351,33495,1008,6123
Basket.query,67096717,51503626,63667470,975.95818,730.178298,961.258655,328104,2698010,685944,328104,2698010
1981-bookAboutGrief-HaroldKushner.query,39522,1065109,36770,11.158613,11.267279,12.162568,1620,4517,685944,1620,4517
