avg degree: 8.97, wc cost, ed cost, bf cost, wc time, ed time, bf time
AustraliaIceDancing.query,2111,14299,1445,0.798509,0.393496,0.861097,30,60,74,30,60
CaesarsPalace-LasVegas.query,2395,43255,711,0.506959,0.878338,0.528851,8,32,74,8,32
1973Ufo-sightingsInFairlessHillsPa.query,1358,9255,1334,0.432115,0.20832,0.401628,25,78,74,25,78
Basket.query,2759,29858,1513,0.644376,0.50484,0.754566,28,156,236,28,156
1981-bookAboutGrief-HaroldKushner.query,424,3671,387,0.395849,0.099951,0.418887,12,60,236,12,60
Christmas-Thanksgiving.query,102596,701657,70350,1.766461,11.620918,1.459498,1344,2418,236,1344,2418
CaesarSalad-MexicanFood.query,15968,99072,15519,0.538763,1.464461,0.567077,1260,4901,8340,1260,4901
CalgaryWinterGames.query,1027,3646,614,0.354548,0.079948,0.408941,24,94,8340,24,94
AudreLorde-AwardWinner.query,3123,67616,520,0.593345,0.802728,0.525763,4,27,8340,4,27
